No,CasNo,CName,EName,File
001-01,1336-36-3,多氯聯苯,Polychlorinated biphenyls ,http://opendata2.epa.gov.tw/data/toxic_s_01/TOXIC/001-01.pdf
002-01,57-74-9,可氯丹,Chlordane,http://opendata2.epa.gov.tw/data/toxic_s_01/TOXIC/002-01.pdf
003-01,1332-21-4,石綿,Asbestos,http://opendata2.epa.gov.tw/data/toxic_s_01/TOXIC/003-01.pdf
004-01,60-57-1,地特靈,Dieldrin,http://opendata2.epa.gov.tw/data/toxic_s_01/TOXIC/004-01.pdf
005-01,50-29-3,滴滴涕,"4,4-Dichlorodiphenyl-trichloroethane(DDT)",http://opendata2.epa.gov.tw/data/toxic_s_01/TOXIC/005-01.pdf
006-01,8001-35-2,毒殺芬,Toxaphene,http://opendata2.epa.gov.tw/data/toxic_s_01/TOXIC/006-01.pdf
007-01,87-86-5,五氯酚,Pentachlorophenol,http://opendata2.epa.gov.tw/data/toxic_s_01/TOXIC/007-01.pdf
007-02,3772-94-9,月桂酸五氯苯酯,Pentachlorophenyl laurate,http://opendata2.epa.gov.tw/data/toxic_s_01/TOXIC/007-02.pdf
008-01,131-52-2,五氯酚鈉,Sodium pentachlorophenate,http://opendata2.epa.gov.tw/data/toxic_s_01/TOXIC/008-01.pdf
009-01,22967-92-6,甲基汞,Methyl mercury,http://opendata2.epa.gov.tw/data/toxic_s_01/TOXIC/009-01.pdf
010-01,72-20-8,安特靈,Endrin,http://opendata2.epa.gov.tw/data/toxic_s_01/TOXIC/010-01.pdf
011-01,76-44-8,飛佈達,Heptachlor,http://opendata2.epa.gov.tw/data/toxic_s_01/TOXIC/011-01.pdf
012-01,319-84-6、319-85-7、319-86-8、6108-10-7,蟲必死,Hexachlorocyclohexane,http://opendata2.epa.gov.tw/data/toxic_s_01/TOXIC/012-01.pdf
013-01,309-00-2,阿特靈,Aldrin,http://opendata2.epa.gov.tw/data/toxic_s_01/TOXIC/013-01.pdf
014-01,96-12-8,二溴氯丙烷,"1,2-Dibromo-3-chloropropane(DBCP)",http://opendata2.epa.gov.tw/data/toxic_s_01/TOXIC/014-01.pdf
015-01,21609-90-5,福賜松,Leptophos,http://opendata2.epa.gov.tw/data/toxic_s_01/TOXIC/015-01.pdf
016-01,510-15-6,克氯苯,Chlorobezilate,http://opendata2.epa.gov.tw/data/toxic_s_01/TOXIC/016-01.pdf
017-01,1836-75-5,護谷,Nitrofen,http://opendata2.epa.gov.tw/data/toxic_s_01/TOXIC/017-01.pdf
018-01,88-85-7,達諾殺,Dinoseb,http://opendata2.epa.gov.tw/data/toxic_s_01/TOXIC/018-01.pdf
019-01,58-89-9,靈丹,"Lindane (r-BHC, or r-HCH)",http://opendata2.epa.gov.tw/data/toxic_s_01/TOXIC/019-01.pdf
022-01,7439-97-6,汞,Mercury,http://opendata2.epa.gov.tw/data/toxic_s_01/TOXIC/022-01.pdf
023-01,82-68-8,五氯硝苯,Pentachloronitrobenzene,http://opendata2.epa.gov.tw/data/toxic_s_01/TOXIC/023-01.pdf
024-01,1596-84-5,亞拉生長素,Daminozide,http://opendata2.epa.gov.tw/data/toxic_s_01/TOXIC/024-01.pdf
025-01,21725-46-2,氰乃淨,Cyanazine,http://opendata2.epa.gov.tw/data/toxic_s_01/TOXIC/025-01.pdf
026-01,299-84-3,樂乃松,Fenchlorphos,http://opendata2.epa.gov.tw/data/toxic_s_01/TOXIC/026-01.pdf
027-01,2425-06-1,四氯丹,Captafol,http://opendata2.epa.gov.tw/data/toxic_s_01/TOXIC/027-01.pdf
028-01,133-06-2,蓋普丹,Captan,http://opendata2.epa.gov.tw/data/toxic_s_01/TOXIC/028-01.pdf
029-01,133-07-3,福爾培,Folpet,http://opendata2.epa.gov.tw/data/toxic_s_01/TOXIC/029-01.pdf
030-01,13121-70-5,鍚蟎丹,Cyhexatin,http://opendata2.epa.gov.tw/data/toxic_s_01/TOXIC/030-01.pdf
031-01,5798-79-8,α-氰溴甲苯,α-Bromombenzyl cyanide,http://opendata2.epa.gov.tw/data/toxic_s_01/TOXIC/031-01.pdf
032-01,542-88-1,二氯甲醚,Bis-Chloromethyl ether,http://opendata2.epa.gov.tw/data/toxic_s_01/TOXIC/032-01.pdf
033-01,92-93-3,對-硝基聯苯,P-Nitrobiphenyl,http://opendata2.epa.gov.tw/data/toxic_s_01/TOXIC/033-01.pdf
034-01,92-67-1,對-胺基聯苯,P-Aminobiphenyl,http://opendata2.epa.gov.tw/data/toxic_s_01/TOXIC/034-01.pdf
034-02,2113-61-3,對-胺基聯苯鹽酸鹽,P-Aminobiphenyl Hydrochloride,http://opendata2.epa.gov.tw/data/toxic_s_01/TOXIC/034-02.pdf
035-01,91-59-8,2-萘胺,2-Naphthylamine,http://opendata2.epa.gov.tw/data/toxic_s_01/TOXIC/035-01.pdf
035-02,553-00-4,2-萘胺醋酸鹽,2-Naphthylamine Acetate,http://opendata2.epa.gov.tw/data/toxic_s_01/TOXIC/035-02.pdf
035-03,612-52-2,2-萘胺鹽酸鹽,2-Naphthylamine Hydrochloride,http://opendata2.epa.gov.tw/data/toxic_s_01/TOXIC/035-03.pdf
036-01,92-87-5,聯苯胺,Benzidine,http://opendata2.epa.gov.tw/data/toxic_s_01/TOXIC/036-01.pdf
036-02,36341-27-2,聯苯胺醋酸鹽,Benzidine Acetate,http://opendata2.epa.gov.tw/data/toxic_s_01/TOXIC/036-02.pdf
036-03,531-86-2,聯苯胺硫酸鹽,Benzidine Sulfate,http://opendata2.epa.gov.tw/data/toxic_s_01/TOXIC/036-03.pdf
036-04,531-85-1,聯苯胺二鹽酸鹽,Benzidine Dihydrochloride,http://opendata2.epa.gov.tw/data/toxic_s_01/TOXIC/036-04.pdf
036-05,41766-73-8,聯苯胺二氫氟酸鹽,Benzidine Dihydrofluoride,http://opendata2.epa.gov.tw/data/toxic_s_01/TOXIC/036-05.pdf
036-06,29806-76-6,聯苯胺過氯酸鹽(一),Benzidine Perchlorate,http://opendata2.epa.gov.tw/data/toxic_s_01/TOXIC/036-06.pdf
036-07,38668-12-1,聯苯胺過氯酸鹽(二),Benzidine perchlorate,http://opendata2.epa.gov.tw/data/toxic_s_01/TOXIC/036-07.pdf
036-08,41195-21-5,聯苯胺二過氯酸鹽,Benzidine Diperchlorate,http://opendata2.epa.gov.tw/data/toxic_s_01/TOXIC/036-08.pdf
037-01,7440-43-9,鎘,Cadmium,http://opendata2.epa.gov.tw/data/toxic_s_01/TOXIC/037-01.pdf
037-02,1306-19-0,氧化鎘,Cadmium oxide,http://opendata2.epa.gov.tw/data/toxic_s_01/TOXIC/037-02.pdf
037-03,513-78-0,碳酸鎘,Cadmium carbonate,http://opendata2.epa.gov.tw/data/toxic_s_01/TOXIC/037-03.pdf
037-04,1306-23-6,硫化鎘,Cadmium sulfide,http://opendata2.epa.gov.tw/data/toxic_s_01/TOXIC/037-04.pdf
037-05,10124-36-4,硫酸鎘,Cadmium Sulfate,http://opendata2.epa.gov.tw/data/toxic_s_01/TOXIC/037-05.pdf
037-06,10325-94-7,硝酸鎘,Cadmium nitrate,http://opendata2.epa.gov.tw/data/toxic_s_01/TOXIC/037-06.pdf
037-07,10108-64-2,氯化鎘,Cadmium Chloride,http://opendata2.epa.gov.tw/data/toxic_s_01/TOXIC/037-07.pdf
038-01,62-53-3,苯胺,Aniline,http://opendata2.epa.gov.tw/data/toxic_s_01/TOXIC/038-01.pdf
039-01,95-53-4,鄰-甲苯胺,o-Aminotoluene,http://opendata2.epa.gov.tw/data/toxic_s_01/TOXIC/039-01.pdf
039-02,108-44-1,間-甲苯胺,m-Aminotoluene,http://opendata2.epa.gov.tw/data/toxic_s_01/TOXIC/039-02.pdf
039-03,106-49-0,對-甲苯胺,p-Aminotoluene,http://opendata2.epa.gov.tw/data/toxic_s_01/TOXIC/039-03.pdf
040-01,134-32-7,1-萘胺,1-Naphthylamine,http://opendata2.epa.gov.tw/data/toxic_s_01/TOXIC/040-01.pdf
041-01,119-90-4,二甲氧基聯苯胺,"3,3'-Dimethoxybenzidine",http://opendata2.epa.gov.tw/data/toxic_s_01/TOXIC/041-01.pdf
042-01,91-94-1,二氯聯苯胺,"3,3'-Dichlorobenzidine",http://opendata2.epa.gov.tw/data/toxic_s_01/TOXIC/042-01.pdf
054-01,67-66-3,三氯甲烷,Chloroform,http://opendata2.epa.gov.tw/data/toxic_s_01/TOXIC/054-01.pdf
043-01,119-93-7,鄰-二甲基聯苯胺,"3,3'-Dimethyl-(1,1'-biphenyl)-4,4'-diamine",http://opendata2.epa.gov.tw/data/toxic_s_01/TOXIC/043-01.pdf
044-01,98-07-7,三氯甲苯,Trichloromethyl benzene,http://opendata2.epa.gov.tw/data/toxic_s_01/TOXIC/044-01.pdf
045-01,1327-53-3,三氧化二砷,Arsenic trioxide,http://opendata2.epa.gov.tw/data/toxic_s_01/TOXIC/045-01.pdf
045-02,1303-28-2,五氧化二砷,Arsenic pentoxide,http://opendata2.epa.gov.tw/data/toxic_s_01/TOXIC/045-02.pdf
046-01,143-33-9,氰化鈉,Sodium cyanide,http://opendata2.epa.gov.tw/data/toxic_s_01/TOXIC/046-01.pdf
046-02,151-50-8,氰化鉀,Potassium cyanide,http://opendata2.epa.gov.tw/data/toxic_s_01/TOXIC/046-02.pdf
046-03,506-64-9,氰化銀,Silver Cyanide,http://opendata2.epa.gov.tw/data/toxic_s_01/TOXIC/046-03.pdf
046-04,544-92-3,氰化亞銅,Copper(I) Cyanide,http://opendata2.epa.gov.tw/data/toxic_s_01/TOXIC/046-04.pdf
046-05,13682-73-0,氰化鉀銅,Copper(I) Potassium Cyanide,http://opendata2.epa.gov.tw/data/toxic_s_01/TOXIC/046-05.pdf
046-06,542-83-6,氰化鎘,Cadmium Cyanide,http://opendata2.epa.gov.tw/data/toxic_s_01/TOXIC/046-06.pdf
046-07,557-21-1,氰化鋅,Zinc Cyanide,http://opendata2.epa.gov.tw/data/toxic_s_01/TOXIC/046-07.pdf
046-08,14763-77-0,氰化銅,Copper(II) Cyanide,http://opendata2.epa.gov.tw/data/toxic_s_01/TOXIC/046-08.pdf
046-09,14264-31-4,氰化銅鈉,Copper Sodium Cyanide,http://opendata2.epa.gov.tw/data/toxic_s_01/TOXIC/046-09.pdf
047-01,75-44-5,光氣,Phosgene,http://opendata2.epa.gov.tw/data/toxic_s_01/TOXIC/047-01.pdf
048-01,624-83-9,異氰酸甲酯,Methyl isocyanate,http://opendata2.epa.gov.tw/data/toxic_s_01/TOXIC/048-01.pdf
049-01,7782-50-5,氯,Chlorine,http://opendata2.epa.gov.tw/data/toxic_s_01/TOXIC/049-01.pdf
050-01,79-06-1,丙烯醯胺,Acrylamide,http://opendata2.epa.gov.tw/data/toxic_s_01/TOXIC/050-01.pdf
051-01,107-13-1,丙烯腈,Acrylonitrile,http://opendata2.epa.gov.tw/data/toxic_s_01/TOXIC/051-01.pdf
052-01,71-43-2,苯,Benzene,http://opendata2.epa.gov.tw/data/toxic_s_01/TOXIC/052-01.pdf
053-01,56-23-5,四氯化碳,Carbon tetrachloride,http://opendata2.epa.gov.tw/data/toxic_s_01/TOXIC/053-01.pdf
055-01,1333-82-0,三氧化鉻(鉻酸),Chromium(VI)trioxide,http://opendata2.epa.gov.tw/data/toxic_s_01/TOXIC/055-01.pdf
055-02,7778-50-9,重鉻酸鉀,Potassium dichromate,http://opendata2.epa.gov.tw/data/toxic_s_01/TOXIC/055-02.pdf
055-03,7789-12-0、10588-01-9,重鉻酸鈉,"Sodium dichromate, dihydrate Sodium dichromate",http://opendata2.epa.gov.tw/data/toxic_s_01/TOXIC/055-03.pdf
055-04,7789-09-5,重鉻酸銨,Ammonium dichromate,http://opendata2.epa.gov.tw/data/toxic_s_01/TOXIC/055-04.pdf
055-05,14307-33-6,重鉻酸鈣,Calcium dichromate,http://opendata2.epa.gov.tw/data/toxic_s_01/TOXIC/055-05.pdf
055-06,13675-47-3,重鉻酸銅,Cupric dichromate,http://opendata2.epa.gov.tw/data/toxic_s_01/TOXIC/055-06.pdf
055-07,13843-81-7,重鉻酸鋰,Lithium dichromate,http://opendata2.epa.gov.tw/data/toxic_s_01/TOXIC/055-07.pdf
055-08,7789-10-8,重鉻酸汞,Mercuric dichromate,http://opendata2.epa.gov.tw/data/toxic_s_01/TOXIC/055-08.pdf
055-09,14018-95-2,重鉻酸鋅,Zinc dichromate,http://opendata2.epa.gov.tw/data/toxic_s_01/TOXIC/055-09.pdf
055-10,7788-98-9,鉻酸銨,Ammonium chromate,http://opendata2.epa.gov.tw/data/toxic_s_01/TOXIC/055-10.pdf
055-11,10294-40-3,鉻酸鋇,Barium chromate,http://opendata2.epa.gov.tw/data/toxic_s_01/TOXIC/055-11.pdf
055-12,13765-19-0,鉻酸鈣,Calcium chromate,http://opendata2.epa.gov.tw/data/toxic_s_01/TOXIC/055-12.pdf
055-13,13548-42-0,鉻酸銅,Cupric chromate,http://opendata2.epa.gov.tw/data/toxic_s_01/TOXIC/055-13.pdf
055-14,10294-52-7,鉻酸鐵,Ferric chromate,http://opendata2.epa.gov.tw/data/toxic_s_01/TOXIC/055-14.pdf
055-15,7758-97-6,鉻酸鉛,Lead chromate,http://opendata2.epa.gov.tw/data/toxic_s_01/TOXIC/055-15.pdf
055-16,18454-12-1,鉻酸氧鉛,Lead chromate oxide,http://opendata2.epa.gov.tw/data/toxic_s_01/TOXIC/055-16.pdf
055-17,14307-35-8,鉻酸鋰,Lithium chromate,http://opendata2.epa.gov.tw/data/toxic_s_01/TOXIC/055-17.pdf
055-18,7789-00-6,鉻酸鉀,Potassium Chromate,http://opendata2.epa.gov.tw/data/toxic_s_01/TOXIC/055-18.pdf
055-19,7784-01-2,鉻酸銀,Silver chromate,http://opendata2.epa.gov.tw/data/toxic_s_01/TOXIC/055-19.pdf
055-20,7775-11-3,鉻酸鈉,Sodium Chromate,http://opendata2.epa.gov.tw/data/toxic_s_01/TOXIC/055-20.pdf
055-21,38455-77-5,鉻酸錫,Stannic chromate,http://opendata2.epa.gov.tw/data/toxic_s_01/TOXIC/055-21.pdf
055-22,7789-06-2,鉻酸鍶,Strontium chromate,http://opendata2.epa.gov.tw/data/toxic_s_01/TOXIC/055-22.pdf
055-23,13530-65-9,鉻酸鋅(鉻酸鋅氫氧化合物),Zinc chromate(Zinc chromate hydroxide),http://opendata2.epa.gov.tw/data/toxic_s_01/TOXIC/055-23.pdf
055-24,13007-92-6,六羰化鉻,Chromium carbonyl,http://opendata2.epa.gov.tw/data/toxic_s_01/TOXIC/055-24.pdf
055-25,37337-13-6,鉻化砷酸銅,Chromated Copper Arsenate,http://opendata2.epa.gov.tw/data/toxic_s_01/TOXIC/055-25.pdf
055-26,12656-85-8,鉬鉻紅,Lead chromate molybdate sulphate red(C.I. Pigment Red 104),http://opendata2.epa.gov.tw/data/toxic_s_01/TOXIC/055-26.pdf
055-27,1344-37-2,硫鉻酸鉛,Lead sulfochromate yellow(C.I. Pigment Yellow 34),http://opendata2.epa.gov.tw/data/toxic_s_01/TOXIC/055-27.pdf
056-01,88-06-2,"2,4,6-三氯酚","2,4,6-Trichlorophenol",http://opendata2.epa.gov.tw/data/toxic_s_01/TOXIC/056-01.pdf
056-02,95-95-4,"2,4,5-三氯酚","2,4,5-Trichlorophenol",http://opendata2.epa.gov.tw/data/toxic_s_01/TOXIC/056-02.pdf
057-01,107-30-2,氯甲基甲基醚,Chloromethyl methyl ether,http://opendata2.epa.gov.tw/data/toxic_s_01/TOXIC/057-01.pdf
058-01,118-74-1,六氯苯,Hexachlorobenzene,http://opendata2.epa.gov.tw/data/toxic_s_01/TOXIC/058-01.pdf
059-01,12035-72-2,次硫化鎳,Nickel sulfide,http://opendata2.epa.gov.tw/data/toxic_s_01/TOXIC/059-01.pdf
060-01,106-93-4,二溴乙烷(二溴乙烯),Ethylene dibromide,http://opendata2.epa.gov.tw/data/toxic_s_01/TOXIC/060-01.pdf
061-01,75-21-8,環氧乙烷,Ethylene oxide,http://opendata2.epa.gov.tw/data/toxic_s_01/TOXIC/061-01.pdf
062-01,106-99-0,"1,3-丁二烯","1,3-Butadiene",http://opendata2.epa.gov.tw/data/toxic_s_01/TOXIC/062-01.pdf
063-01,127-18-4,四氯乙烯,Tetrachloroethylene,http://opendata2.epa.gov.tw/data/toxic_s_01/TOXIC/063-01.pdf
064-01,79-01-6,三氯乙烯,Trichloroethylene,http://opendata2.epa.gov.tw/data/toxic_s_01/TOXIC/064-01.pdf
065-01,75-01-4,氯乙烯,Vinyl chloride,http://opendata2.epa.gov.tw/data/toxic_s_01/TOXIC/065-01.pdf
066-01,50-00-0,甲醛,Formaldehyde,http://opendata2.epa.gov.tw/data/toxic_s_01/TOXIC/066-01.pdf
067-01,101-14-4,"4,4'-亞甲雙(2-氯苯胺)","4,4'-Methylenebis(2-chloroaniline)",http://opendata2.epa.gov.tw/data/toxic_s_01/TOXIC/067-01.pdf
068-01,117-81-7,鄰苯二甲酸二(2-乙基己基)酯,Di(2-ethylhexyl)phthalate (DEHP),http://opendata2.epa.gov.tw/data/toxic_s_01/TOXIC/068-01.pdf
068-02,117-84-0,鄰苯二甲酸二辛酯,Di-n-octyl phthalate (DNOP、DOP),http://opendata2.epa.gov.tw/data/toxic_s_01/TOXIC/068-02.pdf
068-03,85-68-7,鄰苯二甲酸丁基苯甲酯,Benzyl butyl phthalate (BBP),http://opendata2.epa.gov.tw/data/toxic_s_01/TOXIC/068-03.pdf
068-04,28553-12-0、68515-48-0,鄰苯二甲酸二異壬酯,Di-isononyl phthalate(DINP),http://opendata2.epa.gov.tw/data/toxic_s_01/TOXIC/068-04.pdf
068-05,26761-40-0、68515-49-1,鄰苯二甲酸二異癸酯,Di-isodecyl phthalate (DIDP),http://opendata2.epa.gov.tw/data/toxic_s_01/TOXIC/068-05.pdf
068-06,84-66-2,鄰苯二甲酸二乙酯,Diethyl phthalate(DEP),http://opendata2.epa.gov.tw/data/toxic_s_01/TOXIC/068-06.pdf
068-07,68515-42-4,鄰苯二甲酸二烷基酯(C7-11支鏈及直鏈),"1,2-Benzenedicarboxylic acid, di-C7-11-branched and linear alkyl esters(DHNUP)",http://opendata2.epa.gov.tw/data/toxic_s_01/TOXIC/068-07.pdf
068-08,71888-89-6,鄰苯二甲酸二烷基酯(C6-8支鏈及直鏈，富含C7),"1,2-Benzenedicarboxylic acid, di-C6-8-branched alkyl esters, C7-rich (DIHP)",http://opendata2.epa.gov.tw/data/toxic_s_01/TOXIC/068-08.pdf
068-09,131-16-8,鄰苯二甲酸二丙酯,Di-n-propyl Phthalate (DPP),http://opendata2.epa.gov.tw/data/toxic_s_01/TOXIC/068-09.pdf
068-10,84-69-5,鄰苯二甲酸二異丁酯,Diisobutyl phthalate,http://opendata2.epa.gov.tw/data/toxic_s_01/TOXIC/068-10.pdf
068-11,131-18-0,鄰苯二甲酸二戊酯,Di-n-pentyl Phthalate (DNPP),http://opendata2.epa.gov.tw/data/toxic_s_01/TOXIC/068-11.pdf
068-12,84-75-3,鄰苯二甲酸二己酯,Di-n-hexyl Phthalate (DNHP),http://opendata2.epa.gov.tw/data/toxic_s_01/TOXIC/068-12.pdf
068-13,84-61-7,鄰苯二甲酸二環己酯,Dicyclohexyl Phthalate (DCHP),http://opendata2.epa.gov.tw/data/toxic_s_01/TOXIC/068-13.pdf
068-14,27554-26-3,鄰苯二甲酸二異辛酯,Di-iso-octyl Phthalate （DIOP）,http://opendata2.epa.gov.tw/data/toxic_s_01/TOXIC/068-14.pdf
073-01,85-44-9,鄰苯二甲酐,Phthalic anhydride,http://opendata2.epa.gov.tw/data/toxic_s_01/TOXIC/073-01.pdf
068-15,84-76-4,鄰苯二甲酸二正壬酯,Di-n-nonyl phthalate (DNP),http://opendata2.epa.gov.tw/data/toxic_s_01/TOXIC/068-15.pdf
068-16,146-50-9,鄰苯二甲酸二(4-甲基-2-戊基)酯,Bis(4-methyl-2-pentyl) phthalate(BMPP),http://opendata2.epa.gov.tw/data/toxic_s_01/TOXIC/068-16.pdf
068-17,117-82-8,鄰苯二甲酸二甲氧乙酯,Bis(2-methoxyethyl) phthalate (BMEP),http://opendata2.epa.gov.tw/data/toxic_s_01/TOXIC/068-17.pdf
068-18,605-54-9,鄰苯二甲酸雙-2-乙氧基乙酯,Bis(2-ethoxyethyl) phthalate (BEEP),http://opendata2.epa.gov.tw/data/toxic_s_01/TOXIC/068-18.pdf
068-19,75673-16-4,鄰苯二甲酸己基2-乙基己基酯,Hexyl 2-ethylhexyl phthalate (HEHP),http://opendata2.epa.gov.tw/data/toxic_s_01/TOXIC/068-19.pdf
068-20,117-83-9,鄰苯二甲酸二丁氧基乙酯,Bis(2-n-butoxyethyl) phthalate (BBEP),http://opendata2.epa.gov.tw/data/toxic_s_01/TOXIC/068-20.pdf
068-21,84-62-8,鄰苯二甲酸二苯酯,Diphenyl phthalate (DPP),http://opendata2.epa.gov.tw/data/toxic_s_01/TOXIC/068-21.pdf
068-22,523-31-9,鄰苯二甲酸二苄酯,Dibenzyl phthalate (DBZP),http://opendata2.epa.gov.tw/data/toxic_s_01/TOXIC/068-22.pdf
068-23,4376-20-9,鄰苯二甲酸單(2-乙基己基)酯,Mono(2-ethylhexyl) phthalate (MEHP),http://opendata2.epa.gov.tw/data/toxic_s_01/TOXIC/068-23.pdf
068-24,131-70-4,鄰苯二甲酸單丁酯,Mono-n-Butyl phthalate (MNBP),http://opendata2.epa.gov.tw/data/toxic_s_01/TOXIC/068-24.pdf
069-01,541-73-1,"1,3二氯苯","1,3-Dichlorobenzene",http://opendata2.epa.gov.tw/data/toxic_s_01/TOXIC/069-01.pdf
069-02,95-50-1,鄰-二氯苯,"o-Dichlorobenzene (1,2-Dichloro benzene)",http://opendata2.epa.gov.tw/data/toxic_s_01/TOXIC/069-02.pdf
070-01,120-82-1,"1,2,4-三氯苯","1,2,4-Trichlorobenzene",http://opendata2.epa.gov.tw/data/toxic_s_01/TOXIC/070-01.pdf
071-01,110-80-5,乙二醇乙醚,2-Ethoxyethanol (Ethylene glycol monoethyl ether),http://opendata2.epa.gov.tw/data/toxic_s_01/TOXIC/071-01.pdf
071-02,109-86-4,乙二醇甲醚,2-Methoxyethanol (Ethylene glycol monomethyl ether),http://opendata2.epa.gov.tw/data/toxic_s_01/TOXIC/071-02.pdf
072-01,106-89-8,環氧氯丙烷,"1-Chloro-2,3-epoxypropane",http://opendata2.epa.gov.tw/data/toxic_s_01/TOXIC/072-01.pdf
074-01,26471-62-5、584-84-9,二異氰酸甲苯（65:35混合物）,Toluene diisocyanate,http://opendata2.epa.gov.tw/data/toxic_s_01/TOXIC/074-01.pdf
075-01,107-06-2,"1,2-二氯乙烷","1,2-Dichloroethane(Ethylene dichloride)",http://opendata2.epa.gov.tw/data/toxic_s_01/TOXIC/075-01.pdf
076-01,79-34-5,"1,1,2,2-四氯乙烷","1,1,2,2-Tetrachloroethane",http://opendata2.epa.gov.tw/data/toxic_s_01/TOXIC/076-01.pdf
077-01,540-59-0、156-59-2、156-60-5,"1,2-二氯乙烯","1,2-Dichloroethylene",http://opendata2.epa.gov.tw/data/toxic_s_01/TOXIC/077-01.pdf
077-02,75-35-4,"1,1-二氯乙烯","1,1-Dichloroethylene",http://opendata2.epa.gov.tw/data/toxic_s_01/TOXIC/077-02.pdf
078-01,74-87-3,氯甲烷,Chloromethane (Methyl chloride),http://opendata2.epa.gov.tw/data/toxic_s_01/TOXIC/078-01.pdf
079-01,75-09-2,二氯甲烷,Dichloromethane (Methylenechloride,http://opendata2.epa.gov.tw/data/toxic_s_01/TOXIC/079-01.pdf
080-01,131-11-3,鄰苯二甲酸二甲酯,Dimethyl phthalate (DMP),http://opendata2.epa.gov.tw/data/toxic_s_01/TOXIC/080-01.pdf
080-02,84-74-2,鄰苯二甲酸二丁酯,Dibutyl phthalate (DBP),http://opendata2.epa.gov.tw/data/toxic_s_01/TOXIC/080-02.pdf
081-01,98-82-8,異丙苯,Cumene,http://opendata2.epa.gov.tw/data/toxic_s_01/TOXIC/081-01.pdf
082-01,110-82-7,環己烷,Cyclohexane,http://opendata2.epa.gov.tw/data/toxic_s_01/TOXIC/082-01.pdf
083-01,79-11-8,氯乙酸,Chloroacetic acid,http://opendata2.epa.gov.tw/data/toxic_s_01/TOXIC/083-01.pdf
084-01,541-41-3,氯甲酸乙酯,Ethyl chloroformate,http://opendata2.epa.gov.tw/data/toxic_s_01/TOXIC/084-01.pdf
085-01,51-28-5,"2,4-二硝基酚","2,4-Dinitrophenol",http://opendata2.epa.gov.tw/data/toxic_s_01/TOXIC/085-01.pdf
086-01,77-78-1,硫酸二甲酯,Dimethyl sulfate,http://opendata2.epa.gov.tw/data/toxic_s_01/TOXIC/086-01.pdf
087-01,151-56-4,次乙亞胺,Ethyleneimine,http://opendata2.epa.gov.tw/data/toxic_s_01/TOXIC/087-01.pdf
088-01,108-60-1,二氯異丙醚,Bis(2-chloro-1-methylethyl)ether,http://opendata2.epa.gov.tw/data/toxic_s_01/TOXIC/088-01.pdf
089-01,75-15-0,二硫化碳,Carbon disulfide,http://opendata2.epa.gov.tw/data/toxic_s_01/TOXIC/089-01.pdf
090-01,108-90-7,氯苯,Chlorobenzene,http://opendata2.epa.gov.tw/data/toxic_s_01/TOXIC/090-01.pdf
091-01,1163-19-5,十溴二苯醚,Decabromobiphenyl ether,http://opendata2.epa.gov.tw/data/toxic_s_01/TOXIC/091-01.pdf
091-02,32536-52-0,八溴二苯醚,Octabromodiphenyl ether,http://opendata2.epa.gov.tw/data/toxic_s_01/TOXIC/091-02.pdf
091-03,32534-81-9,五溴二苯醚,Pentabromodiphenyl ether,http://opendata2.epa.gov.tw/data/toxic_s_01/TOXIC/091-03.pdf
091-04,40088-47-9,"2,2',4,4'-四溴二苯醚","2,2',4,4'-tetrabromodiphenyl ether(BDE-47)",http://opendata2.epa.gov.tw/data/toxic_s_01/TOXIC/091-04.pdf
091-05,68631-49-2,"2,2',4,4',5,5'-六溴二苯醚","2,2',4,4',5,5'-hexabromodiphenyl ether(BDE -153)",http://opendata2.epa.gov.tw/data/toxic_s_01/TOXIC/091-05.pdf
091-06,207122-15-4,"2,2',4,4',5,6'-六溴二苯醚","2,2',4,4',5,6'-hexabromodiphenyl ether(BDE -154)",http://opendata2.epa.gov.tw/data/toxic_s_01/TOXIC/091-06.pdf
091-07,446255-22-7,"2,2',3,3',4,5',6-七溴二苯醚","2,2',3,3',4,5',6-heptabromodiphenyl ether(BDE-175)",http://opendata2.epa.gov.tw/data/toxic_s_01/TOXIC/091-07.pdf
091-08,207122-16-5,"2,2',3,4,4',5',6-七溴二苯醚","2,2',3,4,4',5',6-heptabromodiphenyl ether(BDE -183)",http://opendata2.epa.gov.tw/data/toxic_s_01/TOXIC/091-08.pdf
092-01,132-64-9,二苯駢呋喃,Dibenzofuran,http://opendata2.epa.gov.tw/data/toxic_s_01/TOXIC/092-01.pdf
093-01,123-91-1,"1,4-二氧陸圜","1,4-Dioxane",http://opendata2.epa.gov.tw/data/toxic_s_01/TOXIC/093-01.pdf
094-01,1825-31-6,二氯萘,Dichloronaphthalene,http://opendata2.epa.gov.tw/data/toxic_s_01/TOXIC/094-01.pdf
094-02,1321-65-9,三氯萘,Trichloronaphthalene,http://opendata2.epa.gov.tw/data/toxic_s_01/TOXIC/094-02.pdf
094-03,1335-88-2,四氯萘,Tetrachloronaphthalene,http://opendata2.epa.gov.tw/data/toxic_s_01/TOXIC/094-03.pdf
094-04,1321-64-8,五氯萘,Pentachloronaphthalene,http://opendata2.epa.gov.tw/data/toxic_s_01/TOXIC/094-04.pdf
094-05,1335-87-1,六氯萘,Hexachloronaphthalene,http://opendata2.epa.gov.tw/data/toxic_s_01/TOXIC/094-05.pdf
094-06,32241-08-0,七氯萘,Heptachloronaphthalene,http://opendata2.epa.gov.tw/data/toxic_s_01/TOXIC/094-06.pdf
094-07,2234-13-1,八氯萘,Octachloronaphthalene,http://opendata2.epa.gov.tw/data/toxic_s_01/TOXIC/094-07.pdf
095-01,74-88-4,碘甲烷,Methyl iodide,http://opendata2.epa.gov.tw/data/toxic_s_01/TOXIC/095-01.pdf
096-01,57-57-8,β-丙內酯,β-Propiolactone,http://opendata2.epa.gov.tw/data/toxic_s_01/TOXIC/096-01.pdf
097-01,110-86-1,吡啶,Pyridine,http://opendata2.epa.gov.tw/data/toxic_s_01/TOXIC/097-01.pdf
098-01,68-12-2,二甲基甲醯胺,"N,N-Dimethyl formamide",http://opendata2.epa.gov.tw/data/toxic_s_01/TOXIC/098-01.pdf
098-02,75-12-7,甲醯胺,Formamide,http://opendata2.epa.gov.tw/data/toxic_s_01/TOXIC/098-02.pdf
099-01,13463-39-3,四羰化鎳,Nickel carbonyl,http://opendata2.epa.gov.tw/data/toxic_s_01/TOXIC/099-01.pdf
100-01,107-02-8,丙烯醛,Acrolein,http://opendata2.epa.gov.tw/data/toxic_s_01/TOXIC/100-01.pdf
101-01,107-18-6,丙烯醇,Allyl alcohol,http://opendata2.epa.gov.tw/data/toxic_s_01/TOXIC/101-01.pdf
102-01,122-66-7,"1,2-二苯基聯胺","1,2-Diphenylhydrazine",http://opendata2.epa.gov.tw/data/toxic_s_01/TOXIC/102-01.pdf
103-01,74-90-8,氰化氫,Hydrogen cyanide,http://opendata2.epa.gov.tw/data/toxic_s_01/TOXIC/103-01.pdf
104-01,75-07-0,乙醛,Acetaldehyde,http://opendata2.epa.gov.tw/data/toxic_s_01/TOXIC/104-01.pdf
105-01,75-05-8,乙腈,Acetonitrile,http://opendata2.epa.gov.tw/data/toxic_s_01/TOXIC/105-01.pdf
106-01,100-44-7,苯甲氯,Benzyl chloride,http://opendata2.epa.gov.tw/data/toxic_s_01/TOXIC/106-01.pdf
107-01,141-32-2,丙烯酸丁酯,Butyl acrylate,http://opendata2.epa.gov.tw/data/toxic_s_01/TOXIC/107-01.pdf
108-01,123-72-8,丁醛,Butyraldehyde ,http://opendata2.epa.gov.tw/data/toxic_s_01/TOXIC/108-01.pdf
109-01,156-62-7,氰胺化鈣,Calcium cyanamide,http://opendata2.epa.gov.tw/data/toxic_s_01/TOXIC/109-01.pdf
110-01,115-28-6,六氯內-甲烯基-四氫苯二甲酸,Chlorendic Acid	,http://opendata2.epa.gov.tw/data/toxic_s_01/TOXIC/110-01.pdf
111-01,126-99-8,氯丁二烯,Chloroprene,http://opendata2.epa.gov.tw/data/toxic_s_01/TOXIC/111-01.pdf
112-01,108-39-4,間-甲酚,m-Cresol,http://opendata2.epa.gov.tw/data/toxic_s_01/TOXIC/112-01.pdf
113-01,542-75-6,"1,3-二氯丙烯","1,3-Dichloropropene",http://opendata2.epa.gov.tw/data/toxic_s_01/TOXIC/113-01.pdf
114-01,111-42-2,二乙醇胺,Diethanolamine,http://opendata2.epa.gov.tw/data/toxic_s_01/TOXIC/114-01.pdf
115-01,122-39-4,二苯胺,Diphenylamine,http://opendata2.epa.gov.tw/data/toxic_s_01/TOXIC/115-01.pdf
116-01,100-41-4,乙苯,Ethylbenzene,http://opendata2.epa.gov.tw/data/toxic_s_01/TOXIC/116-01.pdf
117-01,108-10-1,甲基異丁酮,Methyl isobutyl ketone,http://opendata2.epa.gov.tw/data/toxic_s_01/TOXIC/117-01.pdf
118-01,101-77-9,"4,4'-二胺基二苯甲烷","4,4'-Methylenedianiline",http://opendata2.epa.gov.tw/data/toxic_s_01/TOXIC/118-01.pdf
119-01,139-13-9,三乙酸基氨,Nitrilotri acetic acid,http://opendata2.epa.gov.tw/data/toxic_s_01/TOXIC/119-01.pdf
120-01,1120-71-4,"1,3-丙烷礦內酯",Propane sultone,http://opendata2.epa.gov.tw/data/toxic_s_01/TOXIC/120-01.pdf
121-01,121-44-8,三乙胺,Triethylamine,http://opendata2.epa.gov.tw/data/toxic_s_01/TOXIC/121-01.pdf
122-01,532-27-4,α-苯氯乙酮(w-苯氯乙酮),α-Chloroacetophenone(w-Chloroacetophenone),http://opendata2.epa.gov.tw/data/toxic_s_01/TOXIC/122-01.pdf
123-01,120-12-7,蒽,Anthracene,http://opendata2.epa.gov.tw/data/toxic_s_01/TOXIC/123-01.pdf
124-01,74-95-3,二溴甲烷,Dibromomethane(Methylenebromide),http://opendata2.epa.gov.tw/data/toxic_s_01/TOXIC/124-01.pdf
125-01,75-25-2,三溴甲烷(溴仿),Bromoform (Tribromomethane),http://opendata2.epa.gov.tw/data/toxic_s_01/TOXIC/125-01.pdf
126-01,75-00-3,氯乙烷,Chloroethane (Ethyl chloride),http://opendata2.epa.gov.tw/data/toxic_s_01/TOXIC/126-01.pdf
128-01,70-30-4,"六氯芬(2,2'-二羥-3,3', 5,5',6,6'-六氯二苯甲烷)","Hexachlorophene (2,2'-dihydroxy-3, 3',5,5',6,6'-hexachlorodiphenylmethane)",http://opendata2.epa.gov.tw/data/toxic_s_01/TOXIC/128-01.pdf
129-01,98-95-3,硝苯,Nitrobenzene,http://opendata2.epa.gov.tw/data/toxic_s_01/TOXIC/129-01.pdf
131-01,64-67-5,硫酸乙酯(硫酸二乙酯),ethyl sulfate (Diethyl sulfate),http://opendata2.epa.gov.tw/data/toxic_s_01/TOXIC/131-01.pdf
132-01,680-31-9,六甲基磷酸三胺,Hexamethylphosphoramide (HMPA),http://opendata2.epa.gov.tw/data/toxic_s_01/TOXIC/132-01.pdf
133-01,684-93-5,N-亞硝-正-甲脲,N-Nitroso-N-methylurea,http://opendata2.epa.gov.tw/data/toxic_s_01/TOXIC/133-01.pdf
134-01,62-75-9,N-亞硝二甲胺(二甲亞硝胺),Nitrosodimethylamine (DMNA),http://opendata2.epa.gov.tw/data/toxic_s_01/TOXIC/134-01.pdf
134-02,55-18-5,N-亞硝二乙胺(二乙亞硝胺),"Diethylamine, N-nitroso-(Nitrosamine diethyl)",http://opendata2.epa.gov.tw/data/toxic_s_01/TOXIC/134-02.pdf
135-01,126-72-7,"三(2,3-二溴丙基)-磷酸酯","Tris-(2,3-dibromopropyl)-phosphate",http://opendata2.epa.gov.tw/data/toxic_s_01/TOXIC/135-01.pdf
136-01,593-60-2,溴乙烯,Vinyl bromide,http://opendata2.epa.gov.tw/data/toxic_s_01/TOXIC/136-01.pdf
137-01,534-52-1,"4,6-二硝基-鄰-甲酚","4,6-Dinitro-o-cresol",http://opendata2.epa.gov.tw/data/toxic_s_01/TOXIC/137-01.pdf
138-01,60-34-4,甲基聯胺,Methyl hydrazine,http://opendata2.epa.gov.tw/data/toxic_s_01/TOXIC/138-01.pdf
139-01,640-19-7,氟乙醯胺,Monofluoroacetamide,http://opendata2.epa.gov.tw/data/toxic_s_01/TOXIC/139-01.pdf
140-01,107-19-7,炔丙醇(2-丙炔-1-醇),Propargyl alcohol,http://opendata2.epa.gov.tw/data/toxic_s_01/TOXIC/140-01.pdf
141-01,75-55-8,丙烯亞胺,Propylene Imine,http://opendata2.epa.gov.tw/data/toxic_s_01/TOXIC/141-01.pdf
142-01,7637-07-2,三氟化硼,Boron trifluoride,http://opendata2.epa.gov.tw/data/toxic_s_01/TOXIC/142-01.pdf
143-01,4170-30-3,巴豆醛(2-丁烯醛),Crotonaldehyde (2-butenal),http://opendata2.epa.gov.tw/data/toxic_s_01/TOXIC/143-01.pdf
144-01,62-56-6,硫脲,Thiourea (thiocarbamide),http://opendata2.epa.gov.tw/data/toxic_s_01/TOXIC/144-01.pdf
145-01,95-80-7,"2,4-甲苯二胺","2,4-Toluylenediamine (m-Tolylene-diamine;toluene- 2,4-diamine)",http://opendata2.epa.gov.tw/data/toxic_s_01/TOXIC/145-01.pdf
145-02,25376-45-8,甲苯二胺(同分異構物混合物),"Toluylenediamines(mixed isomers);(toluene,diamino-) (mixed isomers)",http://opendata2.epa.gov.tw/data/toxic_s_01/TOXIC/145-02.pdf
146-01,108-05-4,醋酸乙烯酯,Vinyl Acetate,http://opendata2.epa.gov.tw/data/toxic_s_01/TOXIC/146-01.pdf
147-01,78-87-5,"1,2-二氯丙烷","1,2-Dichloropropane",http://opendata2.epa.gov.tw/data/toxic_s_01/TOXIC/147-01.pdf
148-01,56-35-9,氧化三丁錫,Tributyltin oxide;Bis(tributyltin)oxide,http://opendata2.epa.gov.tw/data/toxic_s_01/TOXIC/148-01.pdf
148-02,76-87-9,氫氧化三苯錫,Triphenyltin hydroxide,http://opendata2.epa.gov.tw/data/toxic_s_01/TOXIC/148-02.pdf
148-03,56-36-0,醋酸三丁錫,Tributyltin Acetate,http://opendata2.epa.gov.tw/data/toxic_s_01/TOXIC/148-03.pdf
148-04,1461-23-0,溴化三丁錫,Tributyltin bromide,http://opendata2.epa.gov.tw/data/toxic_s_01/TOXIC/148-04.pdf
148-05,1461-22-9,氯化三丁錫,Tributyltin chloride,http://opendata2.epa.gov.tw/data/toxic_s_01/TOXIC/148-05.pdf
148-06,1983-10-4,氟化三丁錫,Tributyltin Foride,http://opendata2.epa.gov.tw/data/toxic_s_01/TOXIC/148-06.pdf
148-07,688-73-3,氫化三丁錫,Tributyltin hydride,http://opendata2.epa.gov.tw/data/toxic_s_01/TOXIC/148-07.pdf
148-08,3090-36-6,月桂酸三丁錫,Tributyltin laurate,http://opendata2.epa.gov.tw/data/toxic_s_01/TOXIC/148-08.pdf
148-09,14275-57-1、4027-18-3,順丁烯二酸三丁錫,Tributyltin Maleate,http://opendata2.epa.gov.tw/data/toxic_s_01/TOXIC/148-09.pdf
148-10,3440-79-7,三正丙基乙錫,Tri-n-propylethyltin,http://opendata2.epa.gov.tw/data/toxic_s_01/TOXIC/148-10.pdf
148-11,92154-74-0,三正丙基異丁錫,Tri-n-propylisobutyltin,http://opendata2.epa.gov.tw/data/toxic_s_01/TOXIC/148-11.pdf
148-12,3634-62-6,三正丙基正丁錫,Tri-n-propyl-n-butyltin,http://opendata2.epa.gov.tw/data/toxic_s_01/TOXIC/148-12.pdf
148-13,7342-45-2,碘化三正丙錫,Tri-n-propyltin iodide,http://opendata2.epa.gov.tw/data/toxic_s_01/TOXIC/148-13.pdf
148-14,2847-58-7,三苯基苄錫,Triphenylbenzyltin,http://opendata2.epa.gov.tw/data/toxic_s_01/TOXIC/148-14.pdf
148-15,1089-59-4,三苯基甲錫,Triphenylmethyltin,http://opendata2.epa.gov.tw/data/toxic_s_01/TOXIC/148-15.pdf
148-16,15807-28-0,三苯基-對-甲苯錫,Triphenyl-p-tolyltin,http://opendata2.epa.gov.tw/data/toxic_s_01/TOXIC/148-16.pdf
148-17,962-89-0,溴化三苯錫,Triphenyltin bromide,http://opendata2.epa.gov.tw/data/toxic_s_01/TOXIC/148-17.pdf
148-18,379-52-2,氟化三苯錫,Triphenyltin fluoride,http://opendata2.epa.gov.tw/data/toxic_s_01/TOXIC/148-18.pdf
148-19,894-09-7,碘化三苯錫,Triphenyltin iodide,http://opendata2.epa.gov.tw/data/toxic_s_01/TOXIC/148-19.pdf
148-20,900-95-8,醋酸三苯錫,Triphenyltin Acetate,http://opendata2.epa.gov.tw/data/toxic_s_01/TOXIC/148-20.pdf
148-21,639-58-7,氯化三苯錫,Triphenyltin chloride,http://opendata2.epa.gov.tw/data/toxic_s_01/TOXIC/148-21.pdf
148-22,－,三苯基-α-萘錫,Triphenyl-α-naphthyltin,http://opendata2.epa.gov.tw/data/toxic_s_01/TOXIC/148-22.pdf
148-23,2767-61-5,溴化三丙錫,Tripropyltin bromide,http://opendata2.epa.gov.tw/data/toxic_s_01/TOXIC/148-23.pdf
148-24,2279-76-7,氯化三丙錫,Tripropyltin chloride,http://opendata2.epa.gov.tw/data/toxic_s_01/TOXIC/148-24.pdf
148-25,－,氟化三丙錫,Tripropyltin fluoride,http://opendata2.epa.gov.tw/data/toxic_s_01/TOXIC/148-25.pdf
148-26,－,溴化三甲苯錫,Tritolyltin bromide,http://opendata2.epa.gov.tw/data/toxic_s_01/TOXIC/148-26.pdf
148-27,353747-42-9,氯化三甲苯錫,Tritolyltin chloride,http://opendata2.epa.gov.tw/data/toxic_s_01/TOXIC/148-27.pdf
148-28,353747-43-0,氟化三甲苯錫,Tritolyltin fluoride,http://opendata2.epa.gov.tw/data/toxic_s_01/TOXIC/148-28.pdf
148-29,228262-76-8,氫氧化三甲苯錫,Tritolyltin hydroxide,http://opendata2.epa.gov.tw/data/toxic_s_01/TOXIC/148-29.pdf
148-30,353747-44-1,碘化三甲苯錫,Tritolyltin iodide,http://opendata2.epa.gov.tw/data/toxic_s_01/TOXIC/148-30.pdf
148-31,－,參(三苯錫)甲烷,Tritriphenylstannyl-methane,http://opendata2.epa.gov.tw/data/toxic_s_01/TOXIC/148-31.pdf
148-32,353747-45-2,溴化三茬錫,Trixylyltin bromide,http://opendata2.epa.gov.tw/data/toxic_s_01/TOXIC/148-32.pdf
148-33,353747-46-3,氯化三茬錫,Trixylyltin chloride,http://opendata2.epa.gov.tw/data/toxic_s_01/TOXIC/148-33.pdf
148-34,353747-47-4,氟化三茬錫,Trixylyltin fluoride,http://opendata2.epa.gov.tw/data/toxic_s_01/TOXIC/148-34.pdf
148-35,353747-48-5,碘化三茬錫,Trixylyltin iodide,http://opendata2.epa.gov.tw/data/toxic_s_01/TOXIC/148-35.pdf
149-01,67-72-1,六氯乙烷,Hexachloroethane,http://opendata2.epa.gov.tw/data/toxic_s_01/TOXIC/149-01.pdf
150-01,87-68-3,"六氯-1,3-丁二烯","Hexachloro-1,3-butadiene",http://opendata2.epa.gov.tw/data/toxic_s_01/TOXIC/150-01.pdf
151-01,7440-41-7,鈹,Beryllium,http://opendata2.epa.gov.tw/data/toxic_s_01/TOXIC/151-01.pdf
152-01,95-69-2,對-氯-鄰-甲苯胺,p-Chloro-o-toluidine,http://opendata2.epa.gov.tw/data/toxic_s_01/TOXIC/152-01.pdf
153-01,79-44-7,二甲基胺甲醯氯,Dimethylcarbamyl Chloride,http://opendata2.epa.gov.tw/data/toxic_s_01/TOXIC/153-01.pdf
154-01,96-09-3,氧化苯乙烯,Styrene oxide,http://opendata2.epa.gov.tw/data/toxic_s_01/TOXIC/154-01.pdf
155-01,96-18-4,"1,2,3-三氯丙烷","1,2,3-Trichloropropane",http://opendata2.epa.gov.tw/data/toxic_s_01/TOXIC/155-01.pdf
156-01,7782-41-4,氟,Fluorine,http://opendata2.epa.gov.tw/data/toxic_s_01/TOXIC/156-01.pdf
157-01,7803-51-2,磷化氫,Phosphine,http://opendata2.epa.gov.tw/data/toxic_s_01/TOXIC/157-01.pdf
158-01,7719-12-2,三氯化磷,Phosphorus Trichloride,http://opendata2.epa.gov.tw/data/toxic_s_01/TOXIC/158-01.pdf
159-01,79-19-6,胺基硫脲,Thiosemicarbazide 1-amino-2-thiourea,http://opendata2.epa.gov.tw/data/toxic_s_01/TOXIC/159-01.pdf
160-01,1634-04-4,甲基第三丁基醚,Methyl tert-butyl ether,http://opendata2.epa.gov.tw/data/toxic_s_01/TOXIC/160-01.pdf
161-01,120-83-2,"2,4-二氯酚","2,4-Dichlorophenol",http://opendata2.epa.gov.tw/data/toxic_s_01/TOXIC/161-01.pdf
162-01,75-27-4,二氯溴甲烷,Bromodichloromethane,http://opendata2.epa.gov.tw/data/toxic_s_01/TOXIC/162-01.pdf
163-01,77-73-6,二環戊二烯,Dicyclopentadiene,http://opendata2.epa.gov.tw/data/toxic_s_01/TOXIC/163-01.pdf
164-01,302-01-2,聯胺,Hydrazine,http://opendata2.epa.gov.tw/data/toxic_s_01/TOXIC/164-01.pdf
165-01,25154-52-3、84852-15-3,壬基酚(壬酚),Nonyl phenol,http://opendata2.epa.gov.tw/data/toxic_s_01/TOXIC/165-01.pdf
165-02,9016-45-9、26027-38-3,壬基酚聚乙氧基醇,Nonylphenol polyethylene glycol ether,http://opendata2.epa.gov.tw/data/toxic_s_01/TOXIC/165-02.pdf
166-01,80-05-7,雙酚A,"4,4-isopropylidene diphenol (Bisphenol A)",http://opendata2.epa.gov.tw/data/toxic_s_01/TOXIC/166-01.pdf
167-01,2385-85-5,滅蟻樂,Mirex,http://opendata2.epa.gov.tw/data/toxic_s_01/TOXIC/167-01.pdf
168-01,143-50-0,十氯酮,Chlordecone,http://opendata2.epa.gov.tw/data/toxic_s_01/TOXIC/168-01.pdf
169-01,1763-23-1,全氟辛烷磺酸,Perfluorooctane sulfonic acid (PFOS),http://opendata2.epa.gov.tw/data/toxic_s_01/TOXIC/169-01.pdf
169-02,29457-72-5,全氟辛烷磺酸鋰鹽,Lithium perfluorooctane sulfonate,http://opendata2.epa.gov.tw/data/toxic_s_01/TOXIC/169-02.pdf
169-03,307-35-7,全氟辛烷磺醯氟,Perfluorooctane sulfonyl fluoride,http://opendata2.epa.gov.tw/data/toxic_s_01/TOXIC/169-03.pdf
169-04,335-67-1,全氟辛酸,Perflurooctanoic acid (PFOA),http://opendata2.epa.gov.tw/data/toxic_s_01/TOXIC/169-04.pdf
170-01,608-93-5,五氯苯,Pentachlorobenzene,http://opendata2.epa.gov.tw/data/toxic_s_01/TOXIC/170-01.pdf
171-01,36355-01-8,六溴聯苯,Hexabromobiphenyl,http://opendata2.epa.gov.tw/data/toxic_s_01/TOXIC/171-01.pdf
172-01,115-29-7,安殺番(工業級安殺番),Endosulfan (Technical endosulfan),http://opendata2.epa.gov.tw/data/toxic_s_01/TOXIC/172-01.pdf
172-02,959-98-8,α−安殺番,Alpha (α) endosulfan,http://opendata2.epa.gov.tw/data/toxic_s_01/TOXIC/172-02.pdf
172-03,33213-65-9,β−安殺番,Beta (β) endosulfan,http://opendata2.epa.gov.tw/data/toxic_s_01/TOXIC/172-03.pdf
172-04,1031-07-8,安殺番硫酸鹽,Endosulfan sulfate,http://opendata2.epa.gov.tw/data/toxic_s_01/TOXIC/172-04.pdf
173-01,115-96-8,三2-(氯乙基)磷酸酯,Tris(2-chloroethyl) phosphate (TCEP),http://opendata2.epa.gov.tw/data/toxic_s_01/TOXIC/173-01.pdf
174-01,3194-55-6、25637-99-4,六溴環十二烷,Hexabromocyclododecane,http://opendata2.epa.gov.tw/data/toxic_s_01/TOXIC/174-01.pdf
174-02,134237-50-6,α-六溴環十二烷,alpha-hexabromocyclododecane,http://opendata2.epa.gov.tw/data/toxic_s_01/TOXIC/174-02.pdf
174-03,134237-51-7,β-六溴環十二烷,beta-hexabromocyclododecane,http://opendata2.epa.gov.tw/data/toxic_s_01/TOXIC/174-03.pdf
174-04,134237-52-8,γ-六溴環十二烷,gamma-hexabromocyclododecane,http://opendata2.epa.gov.tw/data/toxic_s_01/TOXIC/174-04.pdf
175-01,569-64-2,孔雀綠,Malachite green,http://opendata2.epa.gov.tw/data/toxic_s_01/TOXIC/175-01.pdf
176-01,110-16-7,順丁烯二酸(馬來酸),Maleic acid,http://opendata2.epa.gov.tw/data/toxic_s_01/TOXIC/176-01.pdf
176-02,108-31-6,順丁烯二酸酐,Maleic anhydride,http://opendata2.epa.gov.tw/data/toxic_s_01/TOXIC/176-02.pdf
177-01,150-69-6,對位乙氧基苯脲(甘精),(4-Ethoxyphenyl) urea、Dulcin,http://opendata2.epa.gov.tw/data/toxic_s_01/TOXIC/177-01.pdf
178-01,7758-01-2,溴酸鉀,Potassium bromate,http://opendata2.epa.gov.tw/data/toxic_s_01/TOXIC/178-01.pdf
179-01,624-49-7,富馬酸二甲酯,Dimethyl fumarate (DMF),http://opendata2.epa.gov.tw/data/toxic_s_01/TOXIC/179-01.pdf
180-01,1694-09-3,芐基紫,Benzyl violet 4B,http://opendata2.epa.gov.tw/data/toxic_s_01/TOXIC/180-01.pdf
181-01,587-98-4,皂黃,Metanil yellow,http://opendata2.epa.gov.tw/data/toxic_s_01/TOXIC/181-01.pdf
182-01,81-88-9,玫瑰紅 B,Rhodamine B,http://opendata2.epa.gov.tw/data/toxic_s_01/TOXIC/182-01.pdf
183-01,60-11-7,二甲基黃,Butter yellow,http://opendata2.epa.gov.tw/data/toxic_s_01/TOXIC/183-01.pdf
184-01,6035-47-8、149-44-0,甲醛次硫酸氫鈉(吊白塊),Sodium hydroxymethanesulfinate,http://opendata2.epa.gov.tw/data/toxic_s_01/TOXIC/184-01.pdf
185-01,108-78-1,三聚氰胺,Melamine,http://opendata2.epa.gov.tw/data/toxic_s_01/TOXIC/185-01.pdf
186-01,91-64-5,α-苯並吡喃酮(香豆素),Coumarin,http://opendata2.epa.gov.tw/data/toxic_s_01/TOXIC/186-01.pdf
187-01,842-07-9,蘇丹1號,Sudan 1,http://opendata2.epa.gov.tw/data/toxic_s_01/TOXIC/187-01.pdf
187-02,3118-97-6,蘇丹2號,Sudan 2,http://opendata2.epa.gov.tw/data/toxic_s_01/TOXIC/187-02.pdf
187-03,85-86-9,蘇丹3號,Sudan 3,http://opendata2.epa.gov.tw/data/toxic_s_01/TOXIC/187-03.pdf
187-04,85-83-6,蘇丹4號,Sudan 4,http://opendata2.epa.gov.tw/data/toxic_s_01/TOXIC/187-04.pdf
187-05,1229-55-6,蘇丹紅G,Sudan Red G,http://opendata2.epa.gov.tw/data/toxic_s_01/TOXIC/187-05.pdf
187-06,2051-85-6,蘇丹橙G,Sudan Orange G,http://opendata2.epa.gov.tw/data/toxic_s_01/TOXIC/187-06.pdf
187-07,4197-25-5,蘇丹黑B,Sudan Black B,http://opendata2.epa.gov.tw/data/toxic_s_01/TOXIC/187-07.pdf
187-08,6368-72-5,蘇丹紅7B,Sudan Red 7B,http://opendata2.epa.gov.tw/data/toxic_s_01/TOXIC/187-08.pdf
188-01,2481-94-9,二乙基黃,Diethyl yellow / Solvent yellow 56,http://opendata2.epa.gov.tw/data/toxic_s_01/TOXIC/188-01.pdf
189-01,532-82-1,王金黃(塊黃),Basic orange 2,http://opendata2.epa.gov.tw/data/toxic_s_01/TOXIC/189-01.pdf
190-01,2465-27-2,鹽基性芥黃,Auramine,http://opendata2.epa.gov.tw/data/toxic_s_01/TOXIC/190-01.pdf
191-01,915-67-3,紅色2號,Red No.2,http://opendata2.epa.gov.tw/data/toxic_s_01/TOXIC/191-01.pdf
192-01,3567-69-9,氮紅,Azorubine,http://opendata2.epa.gov.tw/data/toxic_s_01/TOXIC/192-01.pdf
193-01,633-96-5,橘色2號,Orange 2,http://opendata2.epa.gov.tw/data/toxic_s_01/TOXIC/193-01.pdf
194-01,85535-84-8,短鏈氯化石蠟,Short-chain chlorinated paraffins (SCCPs),http://opendata2.epa.gov.tw/data/toxic_s_01/TOXIC/194-01.pdf
195-01,115-32-2、10606-46-9,大克蟎,DICOFOL,http://opendata2.epa.gov.tw/data/toxic_s_01/TOXIC/195-01.pdf
